id,Ticker,Date,Q1,Q2,Q3,Q4,T1,T2,T3,T4,ROA,ROE,Operating Profit Ratio,Profit Margin,Cashflow to total assets,Current ratio,Quick ratio,Debt ratio,Net borrowings to total assets ratio,Interest earned ratio,Total assets turnover,Inventories turnover,topic1,topic2,topic3,topic4,topic5,topic6,topic7,topic8,topic9,topic10,topic11,topic12,topic13
0,AAL,2020,0,1,0,0,0,1,0,0,0.028102342,-14.28813559,0.084972033,0.036837965,0.063588632,0.448145923,0.347059145,1.001966831,-0.003833653,-3.551598174,0.762863572,24.726094,0.005503658,0,0.004382396,0,0,0,0,0.011261732,0.112108089,0.627112269,0,0.232171163,0
1,AAL,2019,1,0,1,1,1,0,1,1,0.023308022,-8.355029586,0.084349251,0.031701129,0.058319577,0.477287798,0.393180813,1.0027897,-0.009689667,-3.557765152,0.735242654,29.26478318,0.005066757,0,0.004034505,0,0,0,0,0,0.090307459,0.564613104,0,0.221038684,0
2,AAL,2018,0,0,0,1,0,0,0,1,0.024287203,-1.643589744,0.119726902,0.030078363,0.089874017,0.59552025,0.507032166,1.014776925,0.013753907,-4.846153846,0.807464242,31.36276674,0.005020907,0,0.003997996,0,0,0,0.065827131,0,0.063921601,0.595664263,0,0.255198896,0
3,ABBV,2020,0,1,0,0,0,1,0,0,0.088447512,-0.964512971,0.411741718,0.236938616,0.149514672,3.177350016,3.061020212,1.091701734,0.29452954,-7.677690583,0.373292936,18.34859349,0,0,0.005705761,0,0.117074758,0.010837833,0,0,0,0,0,0,0
4,ABBV,2019,0,0,1,1,0,0,1,1,0.09581817,-0.673336491,0.364027723,0.17363295,0.22622658,0.982945646,0.889842798,1.142303545,0.054404232,-8.84495549,0.55184324,20.40685358,0,0,0.005661805,0.016492648,0.135534972,0.010754341,0,0,0,0,0,0,0
5,ABBV,2018,1,0,1,0,1,0,0,0,0.075000706,1.041593094,0.364084208,0.188155656,0.140705789,1.27534403,1.178895499,0.927994236,-2.83E-05,-8.933043478,0.398609895,17.58006231,0,0,0.005561649,0.016200896,0.13313739,0.010564099,0,0,0,0,0,0,0
6,ABT,2020,1,1,1,1,1,1,1,1,0.05431084,0.117791764,0.151172267,0.115565446,0.090385494,1.44223511,1.044923134,0.538924978,-0.023553847,-7.198507463,0.469957429,7.392029657,0.091874696,0,0,0.042620793,0.050036222,0,0,0,0,0,0,0,0
7,ABT,2019,1,1,1,1,1,1,1,1,0.035252259,0.077078315,0.125515076,0.077441298,0.093787683,1.62361296,1.202396804,0.542643622,-0.12579459,-4.646489104,0.45521266,8.055321391,0.092743956,0,0,0.043024044,0.050509632,0,0,0,0,0,0,0,0
8,ABT,2018,1,1,1,1,1,1,1,1,0.006255738,0.015338607,0.107265425,0.017415115,0.07304918,2.260659785,1.856597846,0.592157377,-0.038583607,-3.25,0.359213115,7.606220494,0.0841638,0,0,0.078087404,0.091673523,0,0,0,0,0,0,0,0
9,ADM,2020,1,1,1,1,1,1,1,1,0.031343046,0.071513769,0.024545286,0.02132826,-0.12391754,1.554317752,0.886631717,0.561720117,0.006841376,-3.947761194,1.469554742,7.050817884,0.009382544,0.081784569,0.096726641,0.152340114,0,0,0.017572979,0,0,0.08108741,0,0.08108741,0
10,ADM,2019,0,0,0,0,0,0,0,0,0.044326892,0.095038068,0.029903172,0.028131363,-0.11716014,1.74830163,0.999915082,0.533588029,0.024220606,-5.285714286,1.575710822,7.300692159,0.008338344,0.072682619,0.085961759,0.135385931,0,0,0.015617251,0,0,0.072063051,0,0.072063051,0
11,ADM,2018,1,1,1,1,1,1,1,1,0.039911919,0.086802721,0.025054251,0.026221477,-0.149288091,1.585123309,0.855369928,0.540199685,0.009558842,-4.618181818,1.52210795,6.631200262,0.008376949,0.073019117,0.086359739,0.136012718,0,0,0.015689554,0,0,0.072396688,0,0.072396688,0
12,AEE,2020,0,0,1,1,0,0,1,1,0.028617841,0.100963297,0.240347148,0.146652497,0.075000864,0.571257485,0.374051896,0.716552034,0.027304462,-3.56167979,0.195140497,11.4291498,0,0.017376469,0.064996779,0,0,0,0,0,0,0.07752756,0,0.07752756,0
13,AEE,2019,0,0,1,1,0,0,1,1,0.029946721,0.104850122,0.237477118,0.135629889,0.07973544,0.570524749,0.390770376,0.714385449,0.022891788,-3.558603491,0.220797354,12.44099379,0,0.015807526,0.072124325,0,0,0,0,0,0,0.039181948,0,0.039181948,0
14,AEE,2018,1,1,0,1,1,1,0,1,0.020158027,0.071389571,0.246065324,0.088509054,0.081634226,0.54829932,0.370748299,0.717633455,0.022740412,-3.718670077,0.227751012,11.31992337,0,0.017982705,0.106689773,0,0,0,0,0,0,0.080232367,0,0.080232367,0
15,AEP,2020,1,1,1,1,1,1,1,1,0.025313503,0.096156445,0.184347167,0.123452903,0.05626526,0.395937509,0.282413026,0.736746679,0.054991086,-2.674778555,0.205045835,13.30944235,0,0,0.076125093,0,0,0,0,0,0,0.127868786,0,0.127868786,0.041057393
16,AEP,2019,0,0,1,1,0,0,1,1,0.027961071,0.100570867,0.17768914,0.118784616,0.075915515,0.475661363,0.36916104,0.721976431,0.034446273,-2.92340512,0.235393036,17.58299859,0,0,0.066915959,0,0,0,0,0,0,0.083801202,0,0.083801202,0.038866721
17,AEP,2018,0,0,0,0,0,0,0,0,0.029547761,0.104436048,0.222445526,0.123994321,0.065973418,0.514199703,0.398957842,0.717073156,0.009647902,-3.833743017,0.238299312,16.18222828,0,0,0.118662283,0,0,0,0,0,0,0.128790945,0,0.128790945,0.023873832
18,AES,2020,0,0,1,0,0,0,1,0,0.009004993,0.057288712,0.209637845,0.029737953,0.07328816,1.026491366,0.930926217,0.842813837,0.024904898,-2.034285714,0.30281146,20.92197125,0.010449133,0.031217199,0.074882947,0,0,0,0,0,0,0.225763157,0,0.225763157,0.200877413
19,AES,2019,0,0,0,0,0,0,0,0,0.036991482,0.212394068,0.220938897,0.112052906,0.072045755,1.140031825,1.008865651,0.825835614,-0.024261247,-2.246212121,0.33012515,18.60658579,0.010615296,0.031713616,0.101431653,0,0,0,0,0,0,0.25993368,0,0.294902802,0.204071775
20,AES,2018,1,1,1,1,1,1,1,1,-0.035062817,-0.236697248,0.215669516,-0.11025641,0.075622131,1.061380226,0.96814864,0.851866393,0.028630104,-1.941025641,0.318011597,18.7366548,0.022183003,0.033136301,0.061822783,0,0,0,0,0,0,0.271594435,0,0.308132291,0.177688763
21,AFL,2020,1,1,0,1,1,1,0,1,0.021627566,0.114092337,0.209485812,0.148114941,0.03570774,0.50204894,0,0.81043805,0.004025712,-20.49561404,0.1460188,0,0.009765243,0,0,0,0,0,0,0,0,0,0,0,0.023466263
22,AFL,2019,1,0,1,1,1,0,1,1,0.020796832,0.124456568,0.193262248,0.134203511,0.042832927,0.493689288,0,0.832898879,0.003347435,-18.94144144,0.154964888,0,0.009445399,0,0,0,0,0,0,0,0,0,0,0,0.015131777
23,AFL,2018,0,0,0,0,0,0,0,0,0.033552694,0.187169689,0.196520054,0.212489039,0.044659189,0.394596934,0,0.820736498,-0.000881815,-17.74166667,0.157903175,0,0.012726594,0,0,0,0,0,0,0,0,0,0,0,0.020388337
24,AIG,2020,0,0,0,0,0,0,0,0,0.006376366,0.0496537,0.137326575,0.067613143,-0.003441485,0.647721728,0,0.871583274,0.001293176,-4.798870854,0.094306599,0,0,0,0,0,0,0,0,0,0,0,0,0,0.068113416
25,AIG,2019,1,1,1,1,1,1,1,1,-1.22E-05,-0.000104696,0.044778315,-0.000126077,-0.000800839,0.604111994,0,0.883514505,0.002158607,-1.627960275,0.096730788,0,0,0,0,0,0,0,0,0,0,0,0,0,0
26,AIG,2018,1,1,0,1,1,1,0,1,-0.012209488,-0.092591465,0.058687915,-0.123038343,-0.015689312,0.58121283,0,0.868135926,-0.000686332,-2.484589041,0.099233194,0,0,0,0,0,0,0,0,0,0,0,0,0,0
27,AIZ,2020,1,1,1,1,1,1,1,1,0.008638285,0.06733426,0.07459844,0.03855378,0.031911531,0.59545175,0,0.871710407,0.005317083,-6.693490054,0.224058052,0,0,0,0.016889641,0,0,0.032081105,0.037076887,0.021701211,0,0,0,0,0.050970763
28,AIZ,2019,1,1,1,1,1,1,1,1,0.006108646,0.048890707,0.063914813,0.031150715,0.015982263,0.588218364,0,0.875055063,0.044388685,-5.134596211,0.196099715,0,0,0,0,0,0,0.032576144,0.037649013,0.044072159,0,0,0,0,0.086262137
29,AIZ,2018,0,0,0,0,0,0,0,0,0.016317558,0.121359337,0.077007015,0.080997662,0.016656722,0.908722051,0,0.865543448,0.014156958,-9.97979798,0.201457149,0,0,0,0,0,0,0.032121964,0.111372322,0.043457702,0,0,0,0,0.085059464
30,AJG,2020,1,1,1,1,1,1,1,1,0.034061972,0.128233151,0.111539633,0.096968291,0.057000835,1.022026679,0,0.734374682,0.050889237,-4.278642937,0.351269175,0,0,0,0.005747348,0,0,0,0.06759306,0,0,0,0.010916826,0,0.021698467
31,AJG,2019,0,0,1,1,0,0,1,1,0.038784131,0.138630545,0.082965789,0.094394445,0.046840945,1.055253717,0,0.720233868,0.031094649,-4.023121387,0.410873026,0,0,0,0.005981502,0,0,0,0.084416255,0,0,0,0.011361591,0,0.033130709
32,AJG,2018,1,1,0,1,1,1,0,1,0.032280998,0.111938042,0.088681023,0.079541886,0.057291562,1.08011649,0,0.711617269,0.017478554,-4.323932313,0.405836469,0,0,0,0,0,0,0,0.097445205,0,0,0,0.013115158,0,0.038244162
33,AKAM,2020,1,1,1,1,1,1,1,1,0.068223602,0.130683567,0.198201075,0.165203273,0.151037708,3.218660217,0,0.477948121,0.063598723,-11.61814278,0.412967615,0,0.011428699,0,0.009100325,0,0,0,0.167891905,0,0.029099952,0,0.12099959,0,0
34,AKAM,2019,1,1,1,1,1,1,1,1,0.05462936,0.093479351,0.153101853,0.10991927,0.184615427,2.094106842,0,0.415599705,0.207292691,-9.61971668,0.496995296,0,0.012237829,0,0.009744613,0,0,0,0.179778337,0,0,0,0.07403779,0,0
35,AKAM,2018,1,1,0,1,1,1,0,1,0.047917837,0.066250722,0.157710117,0.089498942,0.172294574,2.947807503,0,0.276719777,0.243537418,-20.83688094,0.535401156,0,0.013188567,0,0.010501656,0,0,0,0.243147925,0,0,0,0.159579337,0,0
36,ALB,2020,0,0,0,0,0,0,0,0,0.054075186,0.130259577,0.212465388,0.148555187,0.072952438,1.579215981,1.03344864,0.584865949,0.131451781,-14.42569894,0.36400739,4.667752515,0,0.065051988,0.032073509,0,0,0,0,0,0,0,0,0,0
37,ALB,2019,0,0,0,0,0,0,0,0,0.091478742,0.184501749,0.223696944,0.205502896,0.072037521,1.689035331,1.096949474,0.50418496,-0.014979146,-14.40637344,0.445145755,4.817640677,0,0.064969346,0.032032762,0,0,0,0,0,0,0,0,0,0
38,ALB,2018,1,1,1,1,1,1,1,1,0.007076714,0.014367304,0.2104896,0.017854957,0.03921919,2.063045569,1.569441889,0.50744313,-0.079018967,-10.33779917,0.396344519,5.182311849,0,0.03730683,0,0,0,0,0,0,0,0,0,0,0
39,ALGN,2020,1,1,0,1,1,1,0,1,0.177060681,0.328915612,0.213762612,0.183969061,0.29882409,1.682254859,1.566853765,0.461683559,-0.01830406,0,0.962448145,21.47946917,0.010086186,0,0.008031324,0.023394978,0,0,0,0,0.051363248,0.014528091,0,0.014528091,0
40,ALGN,2019,0,1,0,0,0,1,0,0,0.195002772,0.319449178,0.237257004,0.203527398,0.270252059,1.881996552,1.801598964,0.389565584,-0.022301553,0,0.958115586,35.34249924,0,0,0.00940041,0,0,0,0,0,0.060119048,0.017004669,0,0.017004669,0
41,ALGN,2018,1,1,0,1,1,1,0,1,0.129717955,0.200485494,0.239994489,0.157062548,0.245816585,2.316497717,2.253128181,0.352980843,-0.025657382,0,0.825899981,46.49750694,0,0,0.0091825,0,0,0,0,0,0.058725439,0.016610486,0,0.016610486,0
42,ALK,2020,0,0,0,0,0,0,0,0,0.059185715,0.177557146,0.121967885,0.087575447,0.132532902,0.636363636,0.613870665,0.666666667,-0.046794428,-17,0.675825444,121.9583333,0.004606968,0,0,0,0,0,0,0,0.129033774,0.630511642,0,0.066358536,0
43,ALK,2019,1,1,1,1,1,1,1,1,0.040047654,0.116502266,0.095958374,0.052879961,0.109512463,0.607409925,0.587015636,0.65625,-0.042888563,-10.8630137,0.757331378,137.7333333,0.004301046,0,0,0,0,0,0,0,0.12046539,0.588642955,0,0.061952051,0
44,ALK,2018,0,0,0,0,0,0,0,0,0.089335567,0.277456647,0.167722321,0.12161135,0.147962032,0.801191363,0.779970216,0.678019728,-0.036943979,-15.39534884,0.734598921,138.4912281,0.004600864,0,0,0,0,0,0,0,0.128862798,0.520629883,0,0.066270605,0
45,ALL,2020,1,1,1,1,1,0,1,1,0.040408504,0.186437418,0.146771125,0.108494684,0.042759483,0.472769774,0,0.783259692,0.001450604,-20.05198777,0.372446853,0,0,0,0,0,0,0.010986364,0,0.014863416,0.018495258,0,0,0,0
46,ALL,2019,1,1,1,1,1,1,1,1,0.019242933,0.101351351,0.075875926,0.05425091,0.046102861,0.462519383,0,0.810136393,0.000873059,-9.09939759,0.354702492,0,0,0,0,0,0,0.033810817,0,0.015247514,0.018973211,0,0,0,0.023875086
47,ALL,2018,0,0,0,0,0,0,0,0,0.031613029,0.157598333,0.129037988,0.090187023,0.038373272,0.438200604,0,0.799407589,0.000871716,-15.17910448,0.350527477,0,0,0,0,0,0,0.022562034,0,0.015262051,0.018991299,0,0,0,0.034371264
48,ALLE,2020,0,0,1,0,0,0,1,0,0.135413858,0.528406102,0.204169587,0.140784863,0.164532219,1.975936884,1.443589744,0.743731464,-0.006032623,-10.40535714,0.961849555,10.57428677,0.042704731,0,0.022669654,0,0,0.021529989,0,0,0,0,0,0,0.019988671
49,ALLE,2019,0,0,1,0,0,0,1,0,0.154757668,0.664984709,0.198960354,0.159204891,0.162906555,1.788786482,1.250576037,0.76727635,-0.012846061,-10.06481481,0.972066045,9.745629682,0,0,0.012186705,0,0,0.023148093,0,0,0,0,0,0,0.021490935
50,ALLE,2018,1,1,0,1,1,0,0,1,0.107513769,0.673982737,0.204675691,0.113487252,0.136585366,2.241102431,1.720703125,0.840479937,0.003973249,-4.663197729,0.94736428,10.04253545,0,0,0.012366902,0,0,0.023490369,0,0,0,0,0,0,0.021808708
51,AMD,2020,1,1,1,1,1,1,1,1,0.056569343,0.120622568,0.093745357,0.05066112,0.081785003,1.948707079,1.532428995,0.531021898,-0.078467153,-6.712765957,1.116622429,6.854378819,0,0,0.010236115,0,0,0,0.044941545,0,0,0,0,0,0.061782554
52,AMD,2019,0,0,1,0,0,0,1,0,0.073968393,0.266192733,0.06965251,0.052046332,0.007462687,1.784274194,1.358366935,0.722124671,-0.008999122,-3.727272727,1.421202809,7.662721893,0,0,0.018086307,0,0,0,0,0,0,0,0,0,0.125111654
53,AMD,2018,1,1,1,1,1,1,1,1,-0.009290541,-0.055369128,0.024176661,-0.006282125,0.003378378,1.740912095,1.282220753,0.832207207,-0.011261261,-1.007936508,1.478885135,7.569164265,0,0,0.019010011,0,0,0,0,0,0,0,0,0,0.150624618
54,AME,2020,1,0,1,1,0,0,1,1,0.087489648,0.168370315,0.221763567,0.166964715,0.11320182,1.42073825,0.982709358,0.480373676,0.013276877,-12.92910342,0.524000821,8.259413322,0,0,0.02655161,0,0,0,0.218586579,0,0,0,0,0,0
55,AME,2019,1,0,1,1,0,0,1,1,0.089806873,0.183391632,0.219182224,0.160535194,0.10684452,1.458757579,0.962418488,0.51030005,0.05926829,-12.924422,0.559421714,7.756572292,0,0,0.028203038,0,0,0,0.199013144,0,0,0,0,0,0
56,AME,2018,1,1,1,1,1,1,1,1,0.087412058,0.169198634,0.205793492,0.15847513,0.106882011,1.699058457,1.22437543,0.483376099,-0.035866304,-9.027400055,0.551582183,7.955852316,0,0,0.028181052,0,0,0,0.198857993,0,0,0,0,0,0
57,AMGN,2020,0,0,0,0,0,0,0,0,0.131341384,0.810710224,0.416103073,0.335673316,0.153248363,1.436696533,1.15746007,0.837992195,-0.075602526,-7.541505043,0.391277405,6.518415179,0.003428115,0,0.005459407,0,0.056009948,0,0,0,0,0,0,0,0
58,AMGN,2019,1,1,0,0,1,1,0,0,0.126385208,0.67152,0.444308755,0.353476229,0.170079499,2.788997628,2.571026097,0.811792339,-0.016878463,-7.579741379,0.357549386,8.077210884,0.004472937,0,0.003561664,0,0.02436023,0,0,0,0,0,0,0,0
59,AMGN,2018,1,1,0,1,1,1,0,1,0.024751732,0.078404184,0.452536216,0.086612106,0.139792881,5.485144124,5.170953437,0.684305976,0.000888011,-7.935533384,0.285776822,8.062455893,0.003475512,0,0.002767445,0,0.028392177,0,0,0,0,0,0,0,0
60,AMP,2020,0,0,0,0,0,0,0,0,0.012468056,0.330424158,0.236357991,0.146937825,0.015418763,2.401944895,0,0.962266512,0.00065864,-2.988223749,0.084852596,0,0,0,0,0,0,0.023255993,0,0,0,0,0,0,0.049265787
61,AMP,2019,0,0,0,0,0,0,0,0,0.015289762,0.375447387,0.271665119,0.162333643,0.018926364,2.599647887,0,0.959275886,-0.004409107,-3.483134921,0.094187267,0,0,0,0,0,0,0.024191365,0,0,0,0,0,0,0.051247291
62,AMP,2018,1,1,1,1,1,1,1,1,0.010035259,0.246872394,0.256568144,0.121510673,0.010326824,2.485531075,0,0.95935042,-0.000874695,-3.430296378,0.082587469,0,0,0,0,0,0,0.024153521,0,0,0,0,0,0,0.051167119
63,AMT,2020,0,1,1,0,0,1,1,0,0.044105828,0.286599159,0.376146063,0.249040275,0.087674293,0.465368005,0,0.84610622,0.062623827,-3.501965119,0.177103192,0,0,0,0.008227962,0,0,0.644679248,0.180623844,0,0,0.007441897,0.00781432,0.007441897,0.076637298
64,AMT,2019,1,1,1,1,1,1,1,1,0.037454863,0.179074214,0.368583756,0.166180562,0.113549063,0.50856095,0,0.790841674,0.029084773,-3.321584302,0.225386545,0,0,0,0.003970262,0,0,0.636451185,0.174313858,0,0,0.007181919,0.007541331,0.007181919,0.066958562
65,AMT,2018,1,1,1,0,1,1,1,0,0.037300199,0.155752235,0.337370009,0.185912154,0.088082543,0.810915171,0,0.760515802,0.044369443,-2.999199573,0.200633462,0,0,0,0,0,0,0.583177805,0.146867037,0,0,0.006723423,0,0.006723423,0.081423923
66,AMZN,2020,1,1,1,1,1,1,1,1,0.051445518,0.186722527,0.051347131,0.041308703,0.17098487,1.097048239,0.863629117,0.72448146,-0.044688521,-9.0025,1.245391746,13.68600283,0,0,0.015929645,0.023201261,0,0,0.224813268,0,0,0.014407794,0.277508259,0.014407794,0.030070294
67,AMZN,2019,0,0,0,0,0,0,0,0,0.061931287,0.231302671,0.053334879,0.043252736,0.188892578,1.098112325,0.846997412,0.732250012,-0.047255423,-8.765702188,1.431846687,13.5604402,0,0,0.015503174,0.022580113,0,0,0.237027407,0,0,0.052476861,0.284802556,0.014022067,0.029265247
68,AMZN,2018,1,1,1,1,1,1,1,1,0.023098012,0.109459021,0.023084794,0.017052163,0.139859874,1.039977195,0.762745538,0.788980276,0.075607341,-4.841981132,1.354550301,11.08406556,0,0,0.015346235,0,0,0,0.234627962,0,0,0.051945634,0.281919479,0.013880121,0.015437653
69,ANET,2020,0,0,0,0,0,0,0,0,0.205449802,0.297050181,0.334248141,0.356686796,0.230099706,5.814414964,5.38307647,0.308366684,0,0,0.575994973,9.360474643,0.024039485,0,0.019141912,0,0,0,0,0,0,0,0.018179597,0,0
70,ANET,2019,1,1,1,1,1,1,1,1,0.1064623,0.153082338,0.315309461,0.152514515,0.163245222,4.47614855,4.015811932,0.304542238,-0.000625896,-251.1466124,0.698047004,7.705586756,0.018020164,0,0.01434891,0,0,0,0,0,0,0,0.013627551,0,0
71,ANET,2018,0,0,1,0,0,0,1,0,0.171972806,0.254646751,0.285673672,0.257079698,0.256669213,4.277047773,3.634783593,0.324661297,-0.000657087,-169.1625899,0.668947441,4.836900855,0.011079426,0,0.004411106,0,0,0,0,0,0,0,0.008378695,0,0
72,ANSS,2020,0,0,0,0,0,0,0,0,0.093264216,0.130682152,0.344107628,0.297709204,0.10331632,2.23764997,0,0.286327827,0.103329547,-150.7165559,0.313272866,0,0.033876218,0,0,0,0,0,0,0,0,0,0,0,0
73,ANSS,2019,0,0,0,0,0,0,0,0,0.128407723,0.158281774,0.371124489,0.324183155,0.148497656,2.498588898,0,0.18873968,0.153094155,-8137.288136,0.396096222,0,0.033477765,0,0,0,0,0,0,0,0,0,0,0,0
74,ANSS,2018,1,1,1,1,1,1,1,1,0.08813196,0.115436558,0.36396074,0.236704862,0.145382328,2.087354758,0,0.23653337,0.169974195,-4635.209302,0.372328473,0,0.033717409,0,0,0,0,0,0,0,0,0,0,0,0
75,ANTM,2020,0,0,1,0,0,0,1,0,0.062063445,0.151506556,0.064599086,0.046127125,0.078253909,1.658720041,0,0.590358024,0.004570514,-9.036241611,1.34548694,0,0.023756063,0,0,0,0.431262583,0,0.014831256,0,0,0,0.011976841,0,0
76,ANTM,2019,1,1,1,1,1,1,1,1,0.052395523,0.13138993,0.06317664,0.040720592,0.053471378,1.5625313,0,0.601221165,-0.013077923,-7.872801083,1.286708304,0,0.019528631,0,0,0,0.372244626,0,0,0,0,0,0,0,0
77,ANTM,2018,0,0,1,0,0,0,1,0,0.054479728,0.145002453,0.055458695,0.042676765,0.059328041,1.552620312,0,0.624284094,0.043932521,-6.676470588,1.276566487,0,0.013645751,0,0,0,0.408741504,0,0,0,0,0,0,0,0
78,AON,2020,1,1,1,1,1,1,1,1,0.052099983,0.444186721,0.198946699,0.139108327,0.062404353,1.058120866,0,0.882707023,0.03778269,-7.136807818,0.374528141,0,0.017518828,0,0,0,0,0.01324842,0,0,0,0,0,0,0
79,AON,2019,1,1,1,1,1,1,1,1,0.04291878,0.268784072,0.166759517,0.105292479,0.063810461,1.080926594,0,0.840322459,0.012754523,-6.460431655,0.407614866,0,0.018027904,0,0,0,0,0.013633405,0,0,0,0,0,0,0
80,AON,2018,0,1,0,0,0,1,0,0,0.046994787,0.263769363,0.185637127,0.122624525,0.028135541,1.072285378,0,0.821833793,-0.013224471,-6.581560284,0.383241337,0,0.025228366,0,0,0,0,0.019078674,0,0,0,0,0,0,0
81,AOS,2020,0,0,0,0,0,0,0,0,0.120994114,0.221982241,0.153607111,0.123634176,0.149182472,1.957469015,1.562165688,0.454937868,0.020470896,-41.79090909,0.978646174,9.87689769,0,0,0.034661252,0,0,0,0.101910487,0,0,0,0,0,0
82,AOS,2019,0,0,0,0,0,0,0,0,0.144619893,0.258707047,0.172621475,0.139339377,0.14615009,2.086463772,1.698459188,0.440989744,-0.061533453,-65.51190476,1.037896793,10.46242205,0,0,0.03472162,0,0,0,0.102087975,0,0,0,0,0,0
83,AOS,2018,1,1,1,1,1,1,1,1,0.092731594,0.180254119,0.169753395,0.09894217,0.102082942,2.225875535,1.851725876,0.48555076,0.027053231,-50.36633663,0.93723025,10.08989899,0,0,0.036538467,0,0,0,0.10742984,0,0,0,0,0,0
84,APH,2020,0,0,0,0,0,0,0,0,0.106791179,0.251294548,0.199345928,0.140418703,0.138902501,1.974586205,1.360294462,0.575035828,0.005390412,-13.94302721,0.760519625,6.278452027,0,0,0,0,0,0,0.097669542,0,0,0,0,0,0
85,APH,2019,0,0,0,0,0,0,0,0,0.119961373,0.296491314,0.205803463,0.146915386,0.110772631,1.864969608,1.361644842,0.595396669,0.001184681,-16.59783677,0.816533763,6.647754904,0,0,0,0,0,0,0.127449557,0,0,0,0,0,0
86,APH,2018,1,1,1,1,1,1,1,1,0.06502464,0.160879458,0.202059532,0.0927788,0.114375394,2.94795492,2.247119159,0.595817631,0.0528194,-15.34886241,0.700856666,6.334176529,0,0,0,0,0,0,0.136392444,0,0,0,0,0,0
87,APTV,2020,1,0,0,1,1,0,0,1,0.073556728,0.246821242,0.098070628,0.06895591,0.120662754,1.312037494,0.994819931,0.701983803,0.003120588,-8.585365854,1.066721153,11.16407465,0.013612372,0,0,0,0,0,0.025495209,0,0,0.019607192,0,0.019607192,0
88,APTV,2019,0,0,0,0,0,0,0,0,0.085496795,0.290735695,0.110703152,0.073917561,0.130448718,1.293178127,0.947482404,0.705929487,0.020432692,-11.33333333,1.156650641,11.30383712,0.013546749,0,0,0,0,0,0.0253723,0,0,0.019512668,0,0.019512668,0
89,APTV,2018,0,0,0,0,0,0,0,0,0.111348509,0.385271538,0.118131015,0.105169202,0.120634399,1.593502825,1.287570621,0.710986934,0.06401512,-10.87142857,1.058755855,11.89658356,0.013304455,0,0,0,0,0,0.024918498,0,0,0.01916367,0,0.01916367,0
90,ARE,2020,1,1,0,1,1,1,0,1,0.019747421,0.03572181,0.287073968,0.235602349,0.037185334,3.006489953,0,0.447188693,0.070197645,-2.547891176,0.08381674,0,0.005236341,0,0.00416954,0,0,0.659187615,0,0,0,0,0,0,0.157314584
91,ARE,2019,0,0,0,0,0,0,0,0,0.026222824,0.048046326,0.288999784,0.284128626,0.039429017,2.704299013,0,0.454217904,0.049652208,-2.449696816,0.092292089,0,0.005578899,0,0.004442308,0,0,0.678763509,0,0,0,0,0,0,0.167606026
92,ARE,2018,1,1,1,1,1,1,1,1,0.013970064,0.026081844,0.276262886,0.149717066,0.037250806,1.782650007,0,0.464375894,0.049771095,-2.425403241,0.093309764,0,0.005574362,0,0.004438695,0,0,0.67821151,0,0,0,0,0,0,0.167469695
93,ATVI,2020,1,1,1,1,1,1,1,1,0.075736961,0.117376025,0.268762521,0.231622746,0.092265054,2.501543739,0,0.354749307,0.047568657,-19.37777778,0.326984127,0,0.004664718,0,0,0,0,0,0.161895618,0,0,0,0,0,0
94,ATVI,2019,0,0,1,0,0,0,1,0,0.103297932,0.162219101,0.2664,0.2464,0.100055897,2.311127933,2.294852385,0.363219676,-0.09726104,-14.27142857,0.419228619,174.4186047,0.010011151,0,0,0,0,0.007570823,0.167285413,0,0,0,0,0,0.007028832
95,ATVI,2018,1,1,1,1,1,1,1,1,0.014623955,0.028852251,0.188684623,0.038905515,0.118545104,1.77996178,1.767403767,0.493143347,-0.027319477,-8.172839506,0.375883865,152.5434783,0.00973959,0,0,0,0,0.007365458,0.144505933,0,0,0,0,0,0.006838169
96,AVB,2020,1,1,0,1,1,1,0,1,0.041105167,0.071494754,0.356819578,0.337691676,0.069128208,0.501620592,0,0.425060369,0.013204504,-4.079347693,0.121723958,0,0,0,0,0,0,0,0,0,0,0,0,0,0
97,AVB,2019,0,0,0,0,0,0,0,0,0.05302037,0.091626433,0.363064019,0.425714785,0.070788729,0.574602894,0,0.421341988,0.004367744,-3.761112167,0.124544347,0,0.011593436,0,0.004615751,0,0,0.18921268,0,0.094891191,0,0,0,0,0.058125023
98,AVB,2018,1,1,0,1,1,1,0,1,0.047620392,0.084367173,0.378553138,0.40055553,0.068219887,0.699479753,0,0.435557804,0.014751705,-4.150795599,0.118885869,0,0.011723827,0,0.004667664,0,0,0.17360872,0,0.095958427,0,0,0,0,0.058778755
99,AWK,2020,1,1,1,1,1,1,1,1,0.027378538,0.101454011,0.337950139,0.172022161,0.060973459,0.628361858,0.606845966,0.730138436,0.037783264,-3.193717277,0.159157041,82.04545455,0,0,0.004172054,0,0,0,0,0,0,0.007546947,0.022038445,0.007546947,0.007357307
100,AWK,2019,1,1,1,1,1,1,1,1,0.026716298,0.096691678,0.336918605,0.164825581,0.065306507,0.372970392,0.35339064,0.72369599,0.042029873,-3.311428571,0.1620883,83.90243902,0,0,0.004220756,0,0,0,0,0,0,0.007635046,0.022295712,0.007635046,0.007443193
101,AWK,2018,1,1,0,1,1,1,0,1,0.021866338,0.079108635,0.3658028,0.126899017,0.074376347,0.309677419,0.292043011,0.723591007,0.028436505,-3.449438202,0.172312904,81.87804878,0,0,0.004071862,0,0,0,0,0,0,0.007365708,0.021509195,0.007365708,0.007180623
102,AXP,2020,0,0,0,0,0,0,0,0,0.034081111,0.292965194,0.211739989,0.169046845,0.068737048,1.752986904,0,0.883668396,0.010951942,0,0.201607495,0,0,0,0,0,0.082473814,0,0,0,0,0,0.011452137,0,0.131934047
103,AXP,2019,0,0,0,0,0,0,0,0,0.036696323,0.310497981,0.221354026,0.187124858,0.047348384,1.862177449,0,0.881814615,0.013154686,0,0.196106086,0,0,0,0,0,0.081458777,0,0,0,0,0,0.011311192,0,0.106348507
104,AXP,2018,1,1,1,1,1,1,0,1,0.015165898,0.150484639,0.221510392,0.081128956,0.074725711,1.769188732,0,0.89921963,0.035221528,0,0.186935694,0,0,0,0.002867788,0,0,0,0.033727307,0,0.022451516,0.005187624,0.005447233,0.005187624,0.028848717
105,BA,2020,0,1,0,0,0,1,0,0,-0.004759588,0.076626506,-0.027455949,-0.008307319,-0.018304958,1.050528198,0.263143292,1.062114125,0.098918616,2.911357341,0.572939196,0.999177782,0.010894724,0,0,0,0,0,0,0,0,0.890093207,0,0.007846353,0
106,BA,2019,0,0,0,0,0,0,0,0,0.08912823,25.51219512,0.117110168,0.103434295,0.130556668,1.076479961,0.309633534,0.996506446,0.011630978,-24.93263158,0.861689346,1.616299327,0.011356073,0,0,0,0,0,0,0,0,0.882926285,0,0.008178615,0
107,BA,2018,1,1,1,1,1,1,1,1,0.075274559,4.937536486,0.107579384,0.089973938,0.118776811,1.141276391,0.318910085,0.984754632,0.010003382,-28.09166667,0.836626262,1.53132534,0,0,0,0,0,0,0,0,0,0,0,0,0
108,BAC,2020,0,0,0,0,0,0,0,0,0.011269149,0.103583702,0.382720666,0.320511322,0.025380031,0.407643709,0.407494371,0.891207311,-0.006675626,0,0.035159911,300.2877193,0,0,0,0,0,0.079836987,0,0.061720684,0,0,0,0,0.157047123
109,BAC,2019,0,1,0,1,0,0,0,0,0.01195452,0.10608499,0.394173562,0.320807404,0.01678483,0.420858676,0.420696928,0.887311866,0.003747706,0,0.037263852,292.46,0,0,0,0,0,0.059632495,0,0.096811935,0,0,0,0,0.227387205
110,BAC,2018,1,1,1,1,1,1,1,1,0.007992166,0.068247325,0.348895259,0.217747522,0.004323976,0.393887346,0.39375488,0.882894083,0.008577814,0,0.036703819,354.7881356,0,0,0.007067382,0,0,0.053696688,0,0.108969115,0,0,0.040272515,0,0.270160377
111,BAX,2020,1,1,0,1,1,0,0,1,0.055021162,0.126516684,0.175145221,0.088100686,0.115648876,2.322910217,1.811145511,0.565107459,0.103501347,-17.92792793,0.624525917,6.873563218,0,0,0.008746726,0.025478916,0.089735679,0,0,0,0,0,0,0,0
112,BAX,2019,0,0,1,0,0,0,1,0,0.098346056,0.19654208,0.162266871,0.139291828,0.128307888,2.117626155,1.525230988,0.499618321,0.119783715,-19.3655914,0.706043257,6.658068386,0,0,0,0.025185639,0.088702768,0,0,0,0,0,0,0,0
113,BAX,2018,1,1,1,1,1,1,1,1,0.035182047,0.066037736,0.142668178,0.056878307,0.100169482,2.574618929,2.051754697,0.467243294,0.038863889,-17.76470588,0.618549471,7.17559322,0,0,0.008944911,0.026056224,0.091768935,0,0,0,0,0,0,0,0
114,BIIB,2020,0,0,0,0,0,0,0,0,0.216216315,0.441446574,0.506270039,0.40955216,0.259914887,1.723302767,1.557958798,0.510209552,0.053880584,-38.84258271,0.527933525,17.87851281,0,0,0,0.014141249,0.066406518,0,0,0,0,0,0,0,0.025682811
115,BIIB,2019,1,1,1,1,1,1,1,1,0.17520335,0.339996624,0.473065287,0.329349062,0.244680472,2.318797038,2.036598689,0.484690912,-0.000126538,-31.72532403,0.531968571,14.46703947,0,0,0.005444729,0,0.074479155,0,0,0,0,0,0,0,0.028804913
116,BIIB,2018,1,1,0,1,1,1,0,1,0.107349721,0.201546265,0.479578618,0.206869862,0.192410137,2.337539339,2.069532688,0.467369338,-0.023714095,-23.47009569,0.518923924,13.59687604,0,0,0.005610471,0,0.076746359,0,0,0,0,0,0,0,0.029681757
117,BIO,2020,1,1,1,1,1,1,1,1,0.219591205,0.305587764,0.109601373,0.760784787,0.057173812,2.407694134,1.795866349,0.28141362,-8.03E-05,-10.81999488,0.288637745,4.172616952,0,0,0.025652742,0,0.043863393,0,0,0,0,0,0,0,0
118,BIO,2019,1,1,1,1,1,1,1,1,0.065159431,0.090941268,0.084419819,0.159697565,0.05088051,4.488687763,3.193609068,0.283499861,-0.000527707,-8.065770804,0.408017689,3.921473412,0,0,0,0,0,0,0,0,0,0,0,0,0
119,BIO,2018,1,1,1,1,1,1,1,1,0.028609562,0.041719648,0.070530189,0.056592751,0.024370865,3.932096138,2.748868103,0.314242506,-8.24E-05,-6.62014426,0.505534035,3.63170557,0,0,0.025590098,0,0.04375628,0.012151807,0,0,0,0,0,0,0
120,BK,2020,0,0,0,0,0,0,0,0,0.011640647,0.106427339,0.345969552,0.269363741,0.000251633,0.537204404,0.537194577,0.890623526,-0.017538295,0,0.043215345,5495.666667,0,0,0,0,0,0,0,0,0,0,0,0,0
121,BK,2019,1,1,1,1,0,1,1,1,0.011756179,0.104384849,0.327501067,0.260074377,0.016523687,0.516231708,0.516221261,0.887376575,-0.002292813,0,0.045203143,5467.666667,0,0,0,0,0,0,0,0,0,0,0,0,0
122,BK,2018,1,1,1,0,1,1,1,0,0.011001781,0.097973459,0.309565106,0.262735273,0.012553866,0.514033899,0.514020282,0.887706519,0.034915187,0,0.041874015,3891.75,0,0,0,0,0,0,0,0,0,0,0,0,0
123,BKNG,2020,0,0,0,0,0,0,0,0,0.227315204,0.819989887,0.354772335,0.322912518,0.227315204,1.83246366,0,0.722782917,-0.001168115,-20.09398496,0.703952902,0,0,0,0,0.006985321,0,0,0,0.036973938,0.82207346,0,0.01366473,0,0
124,BKNG,2019,1,1,0,1,1,1,0,1,0.176224269,0.45509391,0.367660219,0.275211675,0.235288932,2.364838256,0,0.612773835,-0.064442192,-19.85501859,0.640322652,0,0,0,0,0,0,0.004583544,0,0.037206374,0.8349576,0,0.013750633,0,0
125,BKNG,2018,1,1,1,1,1,1,1,1,0.091980669,0.207885623,0.358252504,0.184606892,0.183175514,2.582904517,0,0.557541943,0.069113198,-17.88582677,0.498251542,0,0,0,0,0,0,0.004783643,0,0,0.843638897,0,0.014350929,0,0
126,BKR,2020,0,0,0,0,0,0,0,0,0.002398396,0.003710252,0.067581173,0.005369578,0.03983586,1.520071899,1.059916117,0.353576046,-0.010998894,-6.797468354,0.446663794,5.173177083,0,0,0,0,0,0,0.049968589,0,0.033965483,0.019214271,0,0.019214271,0
127,BKR,2019,0,0,1,0,0,0,1,0,0.003718606,0.00556936,0.057743585,0.008523845,0.033600946,1.659756098,1.147560976,0.332309922,-0.020213963,-5.923766816,0.436259273,4.951731602,0.013187557,0,0,0,0,0,0.049399108,0,0.033578388,0.037990581,0,0.037990581,0
128,BKR,2018,1,1,1,1,1,1,1,1,-0.001823009,-0.002681593,0.036847314,-0.005995692,-0.014141593,1.996748672,1.508290885,0.320176991,0.054654867,-4.832061069,0.304053097,3.811626359,0,0,0,0,0,0,0,0,0,0,0,0,0
129,BLK,2020,1,1,0,0,1,1,0,0,0.026544579,0.128145667,0.385446042,0.307861614,0.017103344,1.278330658,0,0.792856211,0.000610834,-27.60591133,0.086222438,0,0,0,0.006971314,0,0,0.117789395,0,0.017914644,0,0,0.013241693,0,0.112205476
130,BLK,2019,1,1,0,1,0,0,0,1,0.026978248,0.128354204,0.393153965,0.30321172,0.019270177,1.2650094,0,0.789814066,0.000250669,-30.33695652,0.088974952,0,0,0,0.00693149,0,0,0.117116518,0,0.017812306,0,0,0.013166049,0,0.109842435
131,BLK,2018,1,0,1,0,1,0,1,0,0.02248446,0.153483759,0.386911765,0.364117647,0.017934899,1.274469168,0,0.853505932,-1.36E-05,-25.66829268,0.061750537,0,0,0,0.007331426,0,0,0.123873979,0,0,0,0,0,0,0.116180182
132,BLL,2020,1,0,1,1,0,0,1,1,0.032603687,0.187479298,0.102492592,0.049328918,0.089170507,0.875739645,0.647301417,0.82609447,0.0640553,-3.70977918,0.6609447,9.006279435,0.008089373,0,0,0.018763354,0,0,0.01515094,0,0,0,0,0,0
133,BLL,2019,1,1,1,1,1,1,1,1,0.027425396,0.127456485,0.096776966,0.039020198,0.094599493,0.962148962,0.651770452,0.78482542,-0.010752688,-3.740863787,0.702851275,9.154209284,0.008903202,0,0,0.123906218,0,0,0.016675197,0,0,0,0,0,0
134,BLL,2018,1,1,1,1,1,1,1,1,0.021783447,0.092436975,0.096330693,0.034052627,0.086085386,0.915023131,0.543462381,0.764342711,-0.050148524,-3.712280702,0.639699458,7.197247706,0.008805141,0,0,0.122541502,0,0,0.016491534,0,0,0,0,0,0.028212132
135,BMY,2020,0,0,0,0,0,0,0,0,0.026465247,0.066520949,0.27156244,0.131535666,0.063181063,1.603693182,1.369154283,0.602151696,0.135850828,-11.3964687,0.201202056,6.090146751,0.022973184,0,0,0,0.041705038,0.023164291,0,0,0,0,0.011582145,0,0.021505972
136,BMY,2019,0,0,1,0,0,0,1,0,0.14062768,0.348269272,0.233943531,0.21807544,0.201966501,1.662849634,1.550685189,0.596209913,-0.015663408,-34.72368421,0.644857943,18.87949791,0.007914124,0,0,0,0.021550704,0.023939878,0,0,0,0,0.011969939,0,0.022226036
137,BMY,2018,1,1,1,1,1,1,1,1,0.030014009,0.085000422,0.191567193,0.048469388,0.157223332,1.55327826,1.431349995,0.646895771,0.029537123,-20.30612245,0.619236386,17.81818182,0.008829054,0,0,0,0.02404212,0.0267075,0,0,0,0,0.01335375,0,0.024795527
138,BRO,2020,1,1,1,1,1,1,1,1,0.052279071,0.118949496,0.239869326,0.166994428,0.088967064,1.21973676,0,0.56049355,0.006559251,-8.991863022,0.313058774,0,0,0,0.009940034,0,0,0,0,0,0,0,0.018880641,0,0
139,BRO,2019,1,1,0,0,1,1,0,0,0.051468394,0.114729944,0.248498774,0.17128333,0.08484933,1.215551328,0,0.551395285,0.079238497,-12.30771316,0.300486883,0,0,0,0.009200973,0,0,0,0,0,0,0,0.017476831,0,0
140,BRO,2018,0,0,0,0,0,0,0,0,0.069530496,0.154733478,0.253600177,0.215170654,0.076897983,1.128143563,0,0.550643492,-0.016833259,-12.29261927,0.323141164,0,0,0,0.017658614,0,0,0.016770868,0,0,0,0,0,0,0.015570251
141,BSX,2020,0,0,0,0,0,0,0,0,0.153770653,0.338689919,0.168234746,0.437820214,0.060068706,0.96568023,0.641183724,0.545983969,0.091411745,-3.818181818,0.351218714,6.798606713,0.01615322,0,0.012862319,0.018733753,0.021993164,0,0,0,0,0,0,0,0
142,BSX,2019,1,1,0,1,1,1,0,1,0.079575218,0.191496677,0.175506464,0.170110964,0.014762608,0.760836502,0.539163498,0.584456403,0.066907948,-7.153526971,0.46778418,8.424528302,0.016585434,0,0.013206477,0.019235011,0.022581637,0.012542551,0,0,0,0,0,0,0
143,BSX,2018,1,1,0,1,1,1,0,1,0.005461611,0.014831717,0.176724138,0.011494253,0.074887092,0.675981606,0.485320127,0.63176137,0.006459406,-6.982532751,0.475160172,8.393320965,0,0,0,0,0,0,0,0,0,0,0,0,0
144,BWA,2020,0,0,0,0,0,0,0,0,0.076891363,0.154004955,0.118312352,0.073367427,0.103896104,1.647058824,1.300558179,0.500721501,-0.014533086,-21.87272727,1.048031334,12.59975217,0,0,0,0,0,0,0.035565995,0,0,0,0,0,0
145,BWA,2019,0,0,0,0,0,0,0,0,0.092223873,0.214269275,0.123266857,0.088414055,0.111540367,1.586077532,1.260525219,0.569588905,-0.004061417,-22,1.043090639,13.48271447,0,0,0,0,0,0,0.038346909,0,0,0,0,0,0
146,BWA,2018,1,1,0,1,1,1,0,1,0.044954841,0.11500562,0.124706603,0.044902541,0.120560709,1.460992908,1.145018968,0.609107442,-0.01072786,-17.21126761,1.001164739,12.78742007,0,0,0,0,0,0,0.038288809,0,0,0,0,0,0
147,BXP,2020,1,1,0,1,1,1,0,1,0.024502529,0.065075947,0.363060702,0.175329179,0.055493083,3.103778581,0,0.623477953,0.037688399,-2.616708301,0.139751575,0,0.015475747,0,0,0,0,0.666001499,0,0.015833443,0.085604109,0,0,0,0.206144452
148,BXP,2019,0,0,1,0,0,0,1,0,0.028773365,0.070958031,0.343788229,0.214631551,0.05678406,3.467112721,0,0.59450165,0.036084557,-2.468693808,0.134059343,0,0.015358427,0,0,0,0,0.660952628,0,0.01571341,0.084955156,0,0,0,0.129248738
149,BXP,2018,1,1,0,1,1,1,0,1,0.023871228,0.057073929,0.353575156,0.176468748,0.047076607,2.773619326,0,0.581748991,0.033424386,-2.474221656,0.135271706,0,0.015296695,0,0,0,0,0.658295989,0,0.015650252,0.084613681,0,0,0,0.116476372
150,CARR,2020,0,1,0,1,0,1,0,0,0.09443899,0.146588154,0.144883921,0.113714531,0.092073552,1.333407921,1.035354665,0.355752923,-0.000267785,-35.94666667,0.830491833,13.96996997,0,0,0,0,0,0,0,0,0,0,0,0,0
151,CARR,2019,0,0,0,0,0,0,0,0,0.125776326,0.191604177,0.151527969,0.144549011,0.094539265,1.36789073,1.062695925,0.343561669,0.005520541,-34.11904762,0.870129273,13.87674248,0,0,0,0,0,0,0,0,0,0,0,0,0
152,CARR,2018,1,1,1,1,1,1,1,1,0.05581078,0.08299513,0.148422589,0.06887841,0.095428701,1.411764706,1.052,0.327541506,-0.000545827,-12.07305936,0.810279736,11.65075213,0,0,0,0,0,0,0,0,0,0,0,0,0
153,CAT,2020,0,0,0,0,0,0,0,0,0.077664334,0.41650147,0.150799257,0.113252788,0.088103705,1.472258743,1.049059014,0.813531669,0.017921558,-19.27078385,0.685760901,4.775430499,0.093464345,0,0.010631831,0,0,0.020194681,0,0,0,0,0,0,0.104310282
154,CAT,2019,1,0,0,1,0,0,0,1,0.078296756,0.436576705,0.152333614,0.112331421,0.083531824,1.3680275,0.959458502,0.820657504,0.023436803,-20.63366337,0.697015629,4.746465435,0.097913265,0,0.011137909,0,0,0.021155952,0,0,0,0,0,0,0.042049929
155,CAT,2018,1,1,1,1,1,1,1,1,0.009797043,0.054772628,0.122651885,0.01658528,0.074140485,1.345809662,0.97382199,0.821132507,-0.030963333,-10.50094162,0.590707102,4.538031543,0.098000176,0,0.011147795,0,0,0,0,0,0,0,0,0,0.064515658
156,CB,2020,0,0,0,0,0,0,0,0,0.025171948,0.08049737,0.152118025,0.130119778,0.035842051,0.37511452,0,0.687294779,0.013100264,-9.432971014,0.193452129,0,0,0,0,0,0,0.007026151,0,0,0,0,0,0,0
157,CB,2019,1,1,1,1,1,1,1,1,0.023615524,0.078748609,0.148199149,0.12123994,0.032663571,0.373236739,0,0.700115038,0.001072891,-7.555382215,0.194783365,0,0,0,0,0,0,0.007030709,0,0,0,0,0,0,0
158,CB,2018,1,1,1,1,1,1,1,1,0.023116715,0.075451419,0.132065553,0.119387755,0.02696052,0.358100645,0,0.6936212,-0.002969669,-7.036243822,0.193627187,0,0,0,0,0,0,0.00702297,0,0,0,0,0,0,0
159,CBOE,2020,1,1,0,0,0,1,0,0,0.073309998,0.111723686,0.244020672,0.150194303,0.123741176,2.157670455,0,0.343827607,-0.068440916,-16.11375661,0.488101058,0,0.007927159,0,0.012624313,0,0,0.011989654,0,0,0,0,0,0,0.011131322
160,CBOE,2019,0,0,1,0,0,0,1,0,0.080154106,0.13121462,0.227318694,0.15403785,0.10048863,1.147340158,0,0.38913738,-0.004698365,-15.54074074,0.520353317,0,0,0,0.006176617,0,0,0,0,0,0,0,0,0,0.010892303
161,CBOE,2018,1,1,1,0,1,1,1,0,0.076286154,0.12875,0.204701449,0.180207259,0.071101658,1.301497006,0,0.407486184,0.236226902,-10.71126761,0.423324534,0,0,0,0.004220041,0,0,0,0,0,0,0,0,0,0
162,CBRE,2020,0,0,0,0,0,0,0,0,0.079171543,0.204421187,0.056295801,0.053668373,0.075530357,1.170592925,0,0.612703828,-0.006420432,-15.68599715,1.475199226,0,0.009186688,0,0.007315081,0,0,0.454161346,0,0,0,0,0,0,0.068134494
163,CBRE,2019,1,0,1,1,1,0,1,1,0.079009835,0.212223513,0.050713896,0.049822616,0.084065275,1.163840727,0,0.62770461,-0.022665802,-10.9666008,1.585822714,0,0.009371558,0,0.007462287,0,0,0.49016583,0,0,0,0,0,0,0.108984247
164,CBRE,2018,1,1,0,1,1,1,0,1,0.059488432,0.166987654,0.058307876,0.037421062,0.076325378,1.194706324,0,0.643755511,-0.047094841,-8.555422531,1.589704512,0,0.008966471,0,0.007139729,0,0,0.468978375,0.13434957,0,0,0,0,0,0.104273394
165,CCI,2020,1,1,0,1,1,1,0,1,0.022362639,0.081990657,0.276071491,0.149227833,0.070156278,0.627083333,0,0.727253816,0.036430299,-2.32942899,0.149855683,0,0,0,0,0,0,0.697459579,0.108255669,0,0,0,0,0,0.080751792
166,CCI,2019,1,1,1,1,1,1,1,1,0.01898541,0.053755077,0.267411546,0.115828678,0.076307918,0.816069057,0,0.646816434,0.011781942,-2.236760125,0.163909407,0,0,0,0,0,0,0.158893421,0.193776965,0,0,0,0,0,0.112424046
167,CCI,2018,1,1,1,1,1,1,1,1,0.011356232,0.029662047,0.24559342,0.086016451,0.063048807,0.877708978,0,0.617146049,0.122684539,-1.768189509,0.132023954,0,0,0,0,0,0,0.120280355,0.853450298,0,0,0,0,0,0.069630228
168,CDAY,2020,0,0,0,0,0,0,0,0,0.012931955,0.041810551,0.112486349,0.095498119,0.008314574,1.074739746,0,0.690701152,-0.001183101,-2.861111111,0.135415811,0,0,0,0,0,0,0,0,0,0,0,0.041165702,0,0
169,CDAY,2019,1,1,1,1,1,1,1,1,-0.011547696,-0.037511606,0.077494262,-0.0818145,0.001810282,1.059394858,0,0.692156713,-0.086512443,-0.99826087,0.141144861,0,0,0,0,0,0,0,0,0,0,0,0,0,0
170,CDAY,2018,0,0,0,0,0,0,0,0,0.00048402,0.002725021,0.087991718,0.004880213,-0.005837575,1.042116807,0,0.822379325,-0.003798824,-0.683122847,0.099180099,0,0,0,0,0,0,0,0,0,0,0,0,0,0
171,CDW,2020,0,0,1,1,0,0,1,1,0.092106908,0.767260231,0.062864621,0.040859786,0.128409631,1.241364496,1.06630578,0.879953497,0.013838538,-7.111668758,2.254219066,29.50327225,0,0,0.008814251,0,0.030142818,0,0,0,0,0.015944351,0.016742269,0.015944351,0
172,CDW,2019,1,1,1,1,1,1,1,1,0.089707996,0.659351928,0.060792463,0.039592377,0.126386428,1.354500375,1.19242981,0.863945199,-0.009403295,-6.644010767,2.265789584,35.74840414,0,0,0.008924666,0,0.030520413,0,0,0,0,0,0.016951997,0,0
173,CDW,2018,1,1,1,1,1,1,1,1,0.075085765,0.530742695,0.058417437,0.035266199,0.111631045,1.346615915,1.183458229,0.858526993,-0.019693686,-5.757475083,2.129114215,36.04592953,0,0,0.008753044,0,0.029933501,0,0,0,0,0,0.016626008,0,0
174,CE,2020,1,1,0,1,1,1,0,1,0.089911355,0.293995859,0.160870256,0.135302525,0.15344027,1.576396807,0.984606613,0.694174757,0.043478261,-8.808695652,0.664520895,6.066473988,0.01075248,0,0,0.024940448,0,0,0,0,0,0,0,0,0.015098638
175,CE,2019,0,0,0,0,0,0,0,0,0.12960378,0.357206274,0.177498253,0.168693222,0.167293031,1.615514334,1.027543564,0.637173843,-0.004295071,-10.16,0.768280898,6.840344168,0.010762281,0,0,0.024963183,0,0,0,0,0,0,0,0,0.015112402
176,CE,2018,1,1,1,1,1,1,1,1,0.088383309,0.255531979,0.157491857,0.137296417,0.084189558,1.790891597,1.213598461,0.654120361,0.046445796,-7.926229508,0.643740826,6.822222222,0.010775787,0,0,0.024994511,0,0,0,0,0,0,0,0,0.015131367
177,CERN,2020,1,1,1,1,1,1,1,1,0.076792317,0.122634648,0.143285895,0.093007446,0.190452646,2.040613248,2.018050549,0.373812226,0.08702435,-56.37355726,0.825657737,245.561125,0,0,0.005921991,0,0,0.021319857,0.041788191,0,0,0,0.011248552,0,0
178,CERN,2019,0,0,0,0,0,0,0,0,0.093917601,0.12784279,0.144379068,0.117409773,0.216736904,2.408671535,2.382672511,0.265366462,-0.01117962,-97.00575936,0.799912978,214.404291,0.007148572,0,0.00569219,0,0,0.02049255,0.04016662,0,0,0,0,0,0
179,CERN,2018,0,0,0,0,0,0,0,0,0.134013962,0.181173449,0.186779501,0.168598238,0.202135127,3.014490973,2.994545305,0.260300208,-0.011593197,-119.8790564,0.794871664,326.5141914,0.006755664,0,0.00537933,0,0,0,0.037958942,0,0,0,0,0,0
180,CF,2020,0,0,0,0,0,0,0,0,0.040502793,0.087457868,0.203921569,0.107407407,0.12364443,1.464661654,0.936842105,0.53688794,-0.063177785,-3.949367089,0.377094972,13.07692308,0,0.024753181,0.024753181,0.03952093,0,0,0,0.017432323,0,0.073626533,0,0.15781942,0
181,CF,2019,1,1,1,1,1,1,1,1,0.022904984,0.050601989,0.163468051,0.065477534,0.118237106,1.807092199,1.368794326,0.54735013,-0.060737698,-3.004149378,0.349814391,14.33333333,0,0.024109637,0.024109637,0.038493451,0,0,0,0.016979109,0,0.07171236,0,0.153716356,0
182,CF,2018,0,0,1,0,0,0,1,0,0.026591399,0.053560742,0.05472155,0.086682809,0.121146847,2.525862069,2.051724138,0.503528188,-0.085270742,-0.717460317,0.306766694,15.01818182,0,0.0245062,0.0245062,0.039126601,0,0,0,0.017258387,0,0.072891906,0,0.156244725,0
183,CFG,2020,0,0,0,0,0,0,0,0,0.010806538,0.080672042,0.369137422,0.293702853,0.010239361,0.065308446,0,0.866043576,-0.018433263,0,0.036794121,0,0.008308195,0,0,0,0,0.012565962,0,0,0,0,0.012565962,0,0.252888978
184,CFG,2019,1,1,0,0,1,0,0,0,0.010721539,0.082672815,0.376249569,0.296621855,0.011008111,0.048037106,0.047759953,0.87031361,0.017418607,0,0.036145479,170.6470588,0,0,0,0,0,0,0,0,0,0,0,0,0
185,CFG,2018,1,1,1,0,0,1,1,0,0.010844449,0.081499753,0.35499443,0.306721129,0.012360834,0.038968409,0.038663505,0.866938872,-0.01759269,0,0.035356055,149.6111111,0.010375559,0,0,0,0,0.015692806,0,0,0,0,0.062771223,0,0.282572597
186,CHD,2020,1,1,0,1,1,1,0,1,0.092513594,0.230864383,0.193083507,0.141336026,0.129855499,0.875583631,0.493454179,0.599272989,-0.007360231,-11.43206522,0.654564845,10.44010541,0,0,0,0.040054299,0,0.039177239,0,0.05300276,0,0.037310094,0.065295398,0.094196185,0
187,CHD,2019,1,1,1,1,0,0,1,1,0.093686153,0.231722227,0.189150727,0.137147543,0.125815593,0.812938249,0.524315766,0.595696303,-0.044289198,-9.876574307,0.683104857,10.83045977,0,0,0,0.04067494,0,0.03978429,0,0.053824037,0,0.037888214,0.05304572,0.095655754,0
188,CHD,2018,0,0,0,0,0,0,0,0,0.123595132,0.335166817,0.205841852,0.196864573,0.113303851,1.06973262,0.716042781,0.631242934,0.210397686,-14.77756654,0.627818049,11.41880859,0,0,0,0.045212142,0,0.044222143,0,0.059827995,0,0.042114563,0.058962859,0.106325947,0
189,CHRW,2020,0,0,0,0,0,0,0,0,0.124318151,0.345338864,0.051600352,0.037686907,0.180006076,1.696692497,0,0.640011118,-0.024132418,-18.15243916,3.298709347,0,0.030283129,0.029329792,0.029329792,0.023413975,0,0,0,0,0,0.087239332,0.015267523,0.153745532,0
190,CHRW,2019,0,0,0,0,0,0,0,0,0.15008881,0.416594832,0.054841775,0.039955392,0.179087919,1.92076315,0,0.639724742,-0.026875294,-28.67283873,3.756409388,0,0.032884911,0.031849667,0.031849667,0.025425591,0,0,0,0,0,0.094734512,0.016579235,0.166954592,0
191,CHRW,2018,1,1,1,1,1,1,1,1,0.119195653,0.354125738,0.052128535,0.033955215,0.090655347,1.263396444,0,0.66340867,0.053118229,-20.80521258,3.510378358,0,0.032805286,0.03177255,0.03177255,0.025364026,0,0,0,0,0,0.094505131,0.033078182,0.166550338,0
192,CHTR,2020,1,1,1,1,1,1,1,1,0.011255972,0.042977506,0.143016345,0.036447863,0.079277674,0.522486879,0,0.738096202,0.043026426,-1.72372926,0.308823926,0,0,0,0.011411819,0,0,0,0.613279462,0.014662851,0,0,0.086704925,0,0.010062221
193,CHTR,2019,1,1,1,1,1,1,1,1,0.008417163,0.027782797,0.129440345,0.028189027,0.080524191,0.225713105,0,0.697036885,0.023219052,-1.595480226,0.29859714,0,0,0,0.004655898,0,0,0,0.407957882,0.011964569,0,0,0.061905671,0,0.008210555
194,CHTR,2018,0,0,1,0,0,0,1,0,0.067486002,0.208179925,0.107092182,0.237969265,0.081528819,0.230387737,0,0.675828485,0.059806442,-1.441100324,0.283591251,0,0,0,0,0,0,0,0.457342476,0.013054379,0,0,0.115790471,0,0.046054199
195,CI,2020,1,1,0,1,1,1,0,1,0.032765417,0.112474933,0.058838451,0.033198259,0.060889494,0.743559719,0.677263441,0.708686944,-0.033221205,-5.65375,0.986961881,57.77639985,0,0,0,0,0.01790265,0,0.049254224,0.026905587,0,0,0.009943696,0,0.009231833
196,CI,2019,1,1,0,0,1,1,0,0,0.017209873,0.064204324,0.100310898,0.054293891,0.024604179,0.639535977,0.551089512,0.731951496,0.158014958,-17.4,0.316976231,17.21694435,0,0,0,0,0.056536011,0,0.077771656,0,0,0,0.03140188,0,0.014576919
197,CI,2018,0,0,0,1,0,0,0,1,0.036221441,0.162572674,0.10415527,0.05320743,0.066160398,0.844400036,0.823689708,0.777198465,0.001586813,-18.02057613,0.68075908,184.3991228,0,0,0,0,0.055228896,0,0.07597357,0,0,0,0.030675868,0,0.014239901
198,CINF,2020,0,0,0,0,0,0,0,0,0.078597292,0.202453366,0.318652196,0.252019182,0.047544081,1.267067563,0,0.611775819,0.000275504,-47.64150943,0.311870277,0,0,0,0,0,0,0.010161322,0,0,0,0.019354088,0,0.019354088,0
199,CINF,2019,1,1,1,1,1,1,1,1,0.013084112,0.036639857,0.056223414,0.053079342,0.053840894,1.239795918,0,0.642899476,0.000364714,-5.735849057,0.246501026,0,0,0,0,0,0,0.008231368,0,0,0,0.015678139,0,0.015678139,0
200,CINF,2018,0,0,0,0,0,0,0,0,0.047841414,0.126774233,0.136601535,0.182309839,0.048161883,1.200576606,0,0.622625097,0.000183125,-14.77358491,0.262418166,0,0,0,0,0,0,0.008561646,0,0,0,0.016307212,0,0.016307212,0
201,CL,2020,1,0,1,1,1,0,0,1,0.157443129,4.241935484,0.230293762,0.150831581,0.208394306,1.034918276,0.688211986,0.962884129,0.096315019,-18.82291667,1.043833976,11.20928571,0,0.105752021,0.009709716,0.028284075,0,0,0,0,0.031048587,0,0,0,0
202,CL,2019,0,0,0,0,0,0,0,0,0.197352191,12.18274112,0.241829645,0.154400412,0.251295124,1.135288836,0.761149356,0.983800674,-0.014719184,-19.47668394,1.27818436,12.4352,0,0.110729739,0.010166748,0.029615397,0,0,0,0,0.032510035,0,0,0,0
203,CL,2018,1,1,0,1,1,1,0,1,0.159671821,8.329218107,0.253979552,0.130969328,0.240927737,1.36120892,1.002934272,0.980829915,-0.002287788,-25.65359477,1.219154307,12.65683866,0,0.106692828,0.009796096,0.028535699,0,0,0,0,0.031324804,0,0,0,0
204,CMA,2020,0,0,0,0,0,0,0,0,0.016321081,0.163504845,0.479389313,0.365801527,0.014849732,0.162013357,0.161826431,0.900179832,0.009904362,0,0.044617313,297.7272727,0.102620371,0,0,0,0,0.062084422,0,0,0,0,0.015521105,0,0.228130639
205,CMA,2019,0,1,0,0,0,0,0,0,0.017439069,0.164513121,0.494743166,0.370982277,0.022819057,0.138091476,0.138073918,0.893995877,0.026603406,0,0.047007823,3329,0.115386836,0,0,0,0,0.069808021,0,0,0,0.016620262,0.017452005,0.016620262,0.256511182
206,CMA,2018,1,1,1,1,1,1,1,1,0.01038188,0.093306543,0.434712346,0.240142211,0.015160619,0.163084574,0.162999421,0.888733634,-0.007419621,0,0.043232216,618.8,0.127699196,0,0,0,0,0.057942666,0,0,0,0.018393727,0.019314222,0.018393727,0.242966741
207,CMCSA,2020,0,0,0,0,0,0,0,0,0.04956836,0.153168477,0.193910521,0.119852766,0.097553661,0.83824112,0,0.676380147,-0.018935972,-4.625574776,0.413577107,0,0,0,0.002802168,0,0,0,0.9281919,0,0,0,0.101129219,0,0
208,CMCSA,2019,1,0,0,0,1,0,0,0,0.046610035,0.158917879,0.202609331,0.124128371,0.096537722,0.791508169,0,0.706703644,0.144474818,-5.405985319,0.375498641,0,0,0,0.003331611,0,0,0,0.899909735,0.00856146,0,0,0.094923653,0,0
209,CMCSA,2018,0,0,0,0,0,0,0,0,0.121277912,0.321043267,0.206705947,0.267379365,0.113414985,0.743100077,0,0.622238107,0.017054123,-5.695398574,0.453579926,0,0,0,0.003458509,0,0,0,0.908389568,0.017775115,0,0,0.072262079,0,0
210,CME,2020,0,1,1,0,0,0,1,0,0.028139222,0.080908128,0.546770143,0.435691054,0.035535323,1.027134791,0,0.652207729,-0.008797412,-14.92191011,0.064585264,0,0,0,0.006812891,0,0,0,0,0,0,0,0,0,0
211,CME,2019,1,1,0,0,1,1,0,0,0.025326651,0.075570088,0.622174781,0.455330208,0.031504072,1.014879121,0,0.664858788,0.014448401,-17.00190235,0.055622602,0,0,0,0.005598681,0,0,0,0,0,0,0,0,0,0
212,CME,2018,0,0,0,0,0,0,0,0,0.053613084,0.181306276,0.631382555,1.11487914,0.023104265,1.027009452,0,0.704295485,0.014769525,-19.66837607,0.048088696,0,0,0,0.005761628,0,0,0,0,0,0,0,0,0,0
213,CMG,2020,0,0,0,0,0,0,0,0,0.068596506,0.208052639,0.08583554,0.062680786,0.141368851,1.608483737,1.569335412,0.670292544,0,-258.7744199,1.094378526,214.0699341,0,0,0,0.155056328,0,0.002527685,0,0.003419697,0,0,0,0,0
214,CMG,2019,0,1,1,1,0,1,1,1,0.077930522,0.122492349,0.072365896,0.036290554,0.27435315,1.810693571,1.762792507,0.36379274,0,-656.8264925,2.147405141,225.7009974,0.001530629,0,0,0.127810925,0,0.002315042,0,0.003132013,0,0,0,0,0
215,CMG,2018,0,0,1,0,0,0,1,0,0.086158131,0.129175599,0.06347472,0.039373722,0.22887903,1.943651144,1.882334598,0.333015429,0,-530.1100746,2.188214062,225.3983887,0.00162117,0,0,0.139131635,0,0.002451984,0,0,0,0,0.002451984,0,0
216,CMI,2020,0,0,0,0,0,0,0,0,0.114505751,0.266981689,0.109626236,0.095880531,0.161169377,1.499520767,0.942651757,0.571110098,-0.007701272,-23.70642202,1.194254446,6.7616179,0.03258092,0,0.008647732,0,0,0,0,0,0,0.062572517,0.016425975,0.062572517,0.015250049
217,CMI,2019,1,1,1,1,1,1,1,1,0.1123177,0.259232353,0.100626814,0.09006773,0.124750813,1.537907268,0.949091479,0.566729619,0.023974399,-20.98245614,1.247035988,6.323756318,0.031372998,0,0,0,0,0,0,0,0,0.060252678,0.01581699,0.060252678,0.014684662
218,CMI,2018,1,1,1,1,1,1,1,1,0.05526971,0.122366487,0.096778931,0.048903466,0.125975104,1.572661617,1.014972697,0.548326418,0.002102351,-24.40740741,1.130179806,6.452305749,0.03279626,0,0.00870489,0,0,0,0,0,0,0.07873261,0.016534541,0.07873261,0.015350844
219,CMS,2020,1,0,1,1,1,0,1,1,0.025338153,0.134520277,0.194302411,0.099342586,0.06669896,0.862056213,0.638313609,0.811640645,0.032008049,-2.543021033,0.255058315,11.31404959,0.005662384,0.032904766,0.105045319,0,0,0,0.084842622,0,0,0.057092484,0,0.057092484,0.015902247
220,CMS,2019,0,1,1,1,0,0,1,1,0.026784622,0.137103506,0.182162084,0.095591445,0.069428024,0.94054878,0.692835366,0.804639406,0.03359289,-2.715835141,0.280198948,10.57384615,0.005819933,0.033820298,0.11723654,0,0,0,0,0,0,0.050298005,0,0.050298005,0.016344706
221,CMS,2018,1,1,0,1,1,1,0,1,0.019956616,0.102724431,0.206896552,0.069876956,0.073969631,0.889008621,0.64762931,0.805726681,0.018438178,-3.095454545,0.285596529,9.796130952,0.005610407,0.03260272,0.081744082,0,0,0,0,0,0,0.040406007,0,0.040406007,0.015756274
222,CNC,2020,0,0,1,0,0,0,1,0,0.032224228,0.104081311,0.036437075,0.018656348,0.036176026,1.571527993,0,0.690393716,0.168756403,-6.262135922,1.727252769,0,0,0,0,0,0.397901714,0,0.013032348,0,0,0,0,0,0
223,CNC,2019,1,1,0,1,1,1,0,1,0.029125271,0.081647464,0.037609371,0.015876376,0.039933983,1.002255451,0,0.643280153,0.064528656,-6.21574344,1.834503738,0,0,0,0,0,0.366880774,0,0.013281206,0,0,0,0,0,0
224,CNC,2018,0,0,1,0,0,0,1,0,0.037886067,0.120418848,0.031979917,0.018074656,0.068130863,0.932597514,0,0.68538092,0.002150538,-5.745098039,2.096087852,0,0,0,0,0,0.366185993,0,0.013992501,0,0,0,0,0,0
225,CNP,2020,0,0,1,0,0,0,1,0,0.022263503,0.094628544,0.157985193,0.104574299,0.046103183,0.989693313,0.871040724,0.764727406,0.098651806,-2.107583774,0.212896507,16.02542373,0.003613399,0,0.02014068,0,0,0,0,0.014787666,0,0,0,0,0.036232382
226,CNP,2019,1,1,1,1,1,1,1,1,0.013625088,0.0456689,0.133981201,0.058626733,0.07908475,2.127498486,2.008176863,0.701655004,0.015883594,-2.002380952,0.232404013,15.93147208,0.006790133,0,0.037847437,0,0,0,0,0,0,0.009780473,0,0.009780473,0.077620938
227,CNP,2018,0,0,1,0,0,0,1,0,0.078817734,0.38225256,0.111400042,0.186394841,0.062324068,1.106223526,0.976865428,0.793807178,0.01046798,-2.746153846,0.422853624,24.21662469,0.005821371,0.086957887,0.037083048,0,0,0,0.020351585,0,0,0.008385072,0,0.008385072,0.091069721
228,COF,2020,0,0,0,0,0,0,0,0,0.014207216,0.095602558,0.32960594,0.248065483,0.042624211,0.061999681,0.061778525,0.851392927,-0.010723297,0,0.05727204,366.5081967,0.008472365,0,0,0,0,0.025628531,0,0,0,0,0.025628531,0,0.461480319
229,COF,2019,0,0,0,0,0,0,0,0,0.016146004,0.116416351,0.353555356,0.27070207,0.034836715,0.06355961,0.063336832,0.861308108,-0.003196989,0,0.059644922,376.6101695,0.008305056,0.024811687,0,0,0,0.012561215,0,0.06797611,0,0,0.012561215,0,0.545501649
230,COF,2018,1,1,1,1,1,1,1,1,0.005419847,0.040673097,0.30839175,0.100680687,0.038781163,0.071638102,0.07102413,0.86674615,-0.007596536,0,0.053832039,128.6666667,0.006903857,0.020625547,0,0,0,0.010441932,0,0.084761135,0,0,0,0,0.641489267
231,COP,2020,0,0,0,0,0,0,0,0,0.101951386,0.20510699,0.222965273,0.215588077,0.157472275,2.401391453,2.255714894,0.502935587,-0.001134526,-9.55655527,0.472898999,32.50097466,0,0.620463669,0.025172003,0,0,0,0.129808471,0,0,0.012478715,0,0.012478715,0.038209289
232,COP,2019,1,1,0,1,1,1,0,1,0.08941126,0.195140968,0.258008589,0.166893388,0.184824235,1.794996619,1.658823529,0.541811946,-0.071377536,-13.16054422,0.535738783,37.23038729,0,0.655139744,0,0,0,0,0.108084001,0,0,0,0,0,0.034696721
233,COP,2018,1,1,1,1,1,1,1,1,-0.011654535,-0.027758839,0.084845036,-0.028616373,0.096466836,1.757156539,1.644354581,0.580150487,-0.107358033,-2.308743169,0.407268068,28.18679245,0,0.708157361,0,0,0,0,0.084563226,0,0,0,0,0,0.033932708
234,CRL,2020,1,1,1,1,1,1,1,1,0.053703447,0.151228791,0.138790398,0.096145468,0.102484023,1.438119296,1.211895277,0.644886091,0.049836664,-5.975510003,0.558564521,16.31536163,0.015108746,0,0,0,0.020571077,0,0,0,0.019235076,0,0,0,0
235,CRL,2019,0,0,0,0,0,0,0,0,0.058708533,0.169149288,0.151014785,0.099895591,0.113438466,1.608385194,1.379279211,0.652918829,0.143683191,-5.366210876,0.58769894,17.71882526,0.01541659,0,0,0,0.020990215,0,0,0,0.019626994,0,0,0,0
236,CRL,2018,1,1,0,1,1,1,0,1,0.042101803,0.115933407,0.168530809,0.066405541,0.107943147,1.783425817,1.535410698,0.63684494,-0.046273928,-10.51358431,0.634010393,16.15923484,0.013404541,0,0,0,0.018250743,0,0,0,0.017065438,0,0,0,0
237,CSX,2020,0,0,0,0,0,0,0,0,0.087069033,0.280789008,0.421378906,0.279048337,0.126774185,1.523942352,1.40260344,0.689912957,0.038738009,-6.824966079,0.312021329,45.73563218,0.012242611,0.109725863,0.019496839,0,0,0,0,0,0,0.070536777,0,0.635154724,0
238,CSX,2019,1,1,1,1,0,1,1,1,0.090092298,0.263036566,0.402530612,0.270122449,0.126357919,1.339425587,1.202088773,0.657491356,0.081162025,-7.716744914,0.333523918,46.57794677,0.011449436,0.102616936,0.018233677,0,0,0,0,0,0,0.065966837,0,0.669438183,0
239,CSX,2018,0,0,1,0,0,0,1,0,0.153082067,0.371645948,0.332924264,0.479575736,0.097148773,1.011087645,0.81467793,0.588097037,0.01446599,-6.956043956,0.319203111,30.66666667,0.011001907,0.13147454,0.01752097,0,0,0,0,0,0,0.063388363,0,0.715756953,0
240,CTRA,2020,0,0,0,0,0,0,0,0,0.151779098,0.316557804,0.442835924,0.343027265,0.322200147,1.732283849,1.689812641,0.520532755,-0.001559977,-16.00009099,0.442469489,142.5114126,0,0.020901341,0.026629366,0,0,0,0,0,0,0.010361586,0,0.010361586,0.010101221
241,CTRA,2019,1,1,1,1,1,1,1,1,0.132666274,0.266762732,0.367115327,0.259849252,0.26314551,1.895625627,1.857068759,0.502680628,-0.070734007,-10.7510963,0.510550918,193.5460455,0,0.087360971,0.027248938,0,0,0,0,0,0,0.010602664,0,0.010602664,0.010336241
242,CTRA,2018,1,1,1,1,1,1,1,1,0.021236661,0.039776854,-0.022439854,0.057456305,0.18999252,1.214121101,1.201414173,0.466105069,-0.062825976,0.47740168,0.3696141,218.247939,0,0.065401979,0.027262326,0,0,0,0,0,0,0.010607873,0,0.010607873,0.010341319
243,CTSH,2020,0,0,0,0,0,0,0,0,0.113675636,0.167120305,0.167312161,0.109753918,0.15422118,2.551458263,0,0.319797581,-0.001727968,-108,1.035731918,0,0.021076592,0,0,0,0,0,0.019737637,0,0,0,0,0,0
244,CTSH,2019,0,0,0,0,0,0,0,0,0.132588666,0.183911064,0.174883721,0.130294574,0.163574404,3.177121771,0,0.279060962,-0.008898145,-104.4444444,1.017606967,0,0,0,0,0,0,0,0,0,0,0,0,0,0
245,CTSH,2018,1,1,1,1,1,1,1,1,0.098810853,0.140969163,0.172383525,0.101553005,0.158136785,3.209228602,0,0.299060509,-0.001313974,-111,0.972997832,0,0,0,0,0,0,0.015888041,0,0,0,0,0,0,0
246,CTVA,2020,1,1,1,1,1,1,1,1,-0.022619525,-0.039055182,0.075617507,-0.069261881,0.025237635,1.641053654,1.030225783,0.420831663,-0.180932613,-7.698529412,0.326579711,2.751589825,0,0,0,0,0,0,0,0,0,0,0,0,0
247,CTVA,2019,1,1,0,1,1,1,0,1,-0.046603425,-0.067395846,0.0966613,-0.354518093,0.004444117,1.725920361,1.326972201,0.308511911,-0.044165141,-4.097922849,0.131455701,2.690583804,0,0,0,0,0,0,0,0,0,0,0,0,0
248,CTXS,2020,0,1,1,0,0,1,1,0,0.155348484,0.813953461,0.189853131,0.226473511,0.178419504,0.827268268,0.818574123,0.809143285,-0.265326187,-12.43235307,0.685945491,189.3674676,0.036787521,0,0.004882131,0,0,0,0.022966987,0,0,0,0,0,0
249,CTXS,2019,1,0,0,1,1,0,0,1,0.112083627,1.04378453,0.233593698,0.193572891,0.201583941,0.716867275,0.709342732,0.892618042,-0.054255713,-8.666013822,0.579025434,135.7636613,0.039002638,0,0.005176103,0,0,0,0.024349917,0,0,0,0,0,0
250,CTXS,2018,1,1,1,1,1,1,1,1,-0.003559858,-0.020876387,0.227944628,-0.007334975,0.156056449,1.553823502,1.545577297,0.829479212,0.126635174,-12.47596349,0.485326561,203.0395342,0,0,0,0,0,0,0,0,0,0,0,0,0
251,CVS,2020,1,1,1,1,1,0,1,1,0.029822566,0.103381643,0.046206479,0.025937873,0.057757059,0.943699229,0.615087331,0.711529384,-0.023915594,-3.893904448,1.149769161,14.60179265,0.014912715,0,0.003958181,0,0.162433386,0,0.009310226,0,0,0,0,0,0
252,CVS,2019,1,1,0,1,1,1,0,1,-0.003023578,-0.010146388,0.051830919,-0.003063135,0.045124608,1.028039719,0.654252539,0.70200452,0.194776438,-3.837724322,0.987086167,11.78838906,0,0,0.008228011,0,0.046896677,0,0,0,0,0,0.005209578,0,0.004836627
253,CVS,2018,0,0,0,0,0,0,0,0,0.069609276,0.175673166,0.05287798,0.035840121,0.084168147,1.018957191,0.519870791,0.603756925,-0.006286069,-9.199623352,1.942216522,12.07930178,0,0,0.008214561,0,0.046820018,0,0,0,0,0,0.005201062,0,0.004828721
254,CVX,2020,0,0,0,0,0,0,0,0,0.012315312,0.020136632,0.074915097,0.020905874,0.115041191,1.067810026,0.847380324,0.388412487,-0.033045808,-13.13032581,0.589083849,23.91672367,0,0.399950922,0.02368867,0,0,0,0,0,0,0.085702218,0,0.085702218,0
255,CVX,2019,0,0,0,0,0,0,0,0,0.058393701,0.095244214,0.092031567,0.093290204,0.12060836,1.252107026,1.042177321,0.386905536,-0.017733975,-19.55080214,0.625936036,27.85799439,0,0.402081072,0.023814835,0,0,0,0,0,0,0.08615867,0,0.08615867,0
256,CVX,2018,1,1,1,1,1,1,1,1,0.036228458,0.061579571,0.027446366,0.072126132,0.080132069,1.029671558,0.828315968,0.411680575,-0.029396468,-11.39739414,0.50229309,22.8263205,0,0.39324823,0.023291675,0,0,0,0,0,0,0.105332442,0,0.105332442,0
257,CZR,2020,0,0,0,0,0,0,0,0,0.014359156,0.072515667,0.175584621,0.032104637,0.055486616,0.879360465,0.853197674,0.801985464,-0.124623294,-1.548951049,0.447261124,140.1666667,0,0,0,0,0,0,0,0,0,0,0,0,0
258,CZR,2019,0,0,1,0,0,0,1,0,0.016070475,0.092308918,0.165856031,0.046206226,0.054639614,1.425233168,1.374024372,0.825905504,0.184556714,-1.98255814,0.347798903,99.83005584,0,0,0,0,0,0.038771689,0,0,0.077242143,0,0,0,0.022059364
259,CZR,2018,0,1,1,0,0,1,1,0,0.020690985,0.077931429,0.139309345,0.049554362,0.036624003,1.121925712,1.046529401,0.734497551,0.39028223,-2.067666309,0.417541151,87.77700059,0,0,0.002840995,0.008275723,0,0.010792682,0,0,0.09303958,0.005139157,0.016189022,0.005139157,0
260,D,2020,0,0,1,0,0,0,1,0,0.013079953,0.039902448,0.233039372,0.094299007,0.050123768,0.613279678,0.450704225,0.672201728,-0.04287104,-2.272173324,0.138707223,8.911509901,0.013325704,0,0.134404153,0,0,0,0,0,0,0.044786643,0,0.044786643,0.012474641
261,D,2019,0,0,0,0,0,0,0,0,0.031406422,0.110985123,0.279310653,0.218501652,0.061259851,0.674905192,0.489472996,0.717021331,-0.028377442,-2.445660672,0.143735401,7.8977433,0.012890332,0,0.16422689,0,0,0,0,0,0,0.043323394,0,0.043323394,0.012067076
262,D,2018,0,0,0,0,0,0,0,0,0.039159104,0.154827052,0.321150485,0.238280629,0.058784357,0.449771689,0.29649232,0.74707841,0.028739309,-3.354356846,0.164340276,8.521327014,0.013101174,0,0.201686636,0,0,0,0,0,0,0.106934898,0,0.106934898,0.012264452
263,DD,2020,0,0,0,0,0,0,0,0,0.00718107,0.011983829,0.144802901,0.02314987,0.020317524,1.19805895,0.68056554,0.400770018,-0.002307171,-4.663173653,0.310199138,4.980782589,0,0.046652589,0.006217163,0,0,0,0,0,0,0,0,0,0.012508397
264,DD,2019,0,0,0,0,0,0,0,0,0.020467914,0.040093848,0.17146145,0.170177923,0.025184318,1.727616216,1.671595373,0.48949988,0.035500785,-70.43636364,0.120273615,5.501339177,0,0.050842248,0.006775498,0.078947194,0,0,0,0,0,0,0,0,0
265,DD,2018,1,1,1,1,1,1,1,1,0.006031307,0.011370883,0.080962988,0.099297464,-0.003980975,1.909560625,1.259223821,0.469583273,-0.012551779,-0.894039735,0.060739785,0.686911488,0,0,0,0,0,0,0,0,0,0,0,0,0
266,DFS,2020,0,0,0,0,0,0,0,0,0.025939507,0.249346488,0.477758872,0.359382596,0.054352784,1.318506762,0,0.895970034,-0.015035615,0,0.072177971,0,0.017755823,0,0.009425615,0,0,0,0,0.024221623,0,0,0,0,0.303416461
267,DFS,2019,1,1,0,1,1,1,0,1,0.025028981,0.246361186,0.479541308,0.357310399,0.047383458,1.457826069,0,0.898405338,0.00726589,0,0.070048287,0,0.017749589,0,0.009422306,0,0,0,0,0.01210656,0,0,0,0,0.284353077
268,DFS,2018,1,1,0,1,1,1,0,1,0.020971755,0.192710246,0.495490571,0.286827002,0.05203473,1.528760568,0,0.891174678,0.008222846,0,0.073116389,0,0.017912468,0,0.009508769,0,0,0,0,0.024435312,0,0,0,0,0.325224072
269,DGX,2020,1,1,1,1,1,1,1,1,0.066806821,0.148880791,0.157131763,0.111053585,0.09678424,1.251256281,1.189447236,0.551273067,0.064782372,-6.744444444,0.601572841,62.81300813,0.009302539,0,0.011110994,0,0.101325803,0,0,0.019035101,0,0,0.007034943,0,0.006531315
270,DGX,2019,1,1,1,1,0,1,1,1,0.066890848,0.137724551,0.151905457,0.097729385,0.109061165,0.936026936,0.869360269,0.514314278,0.011269654,-6.769230769,0.684449696,76.07070707,0.008998991,0,0.010748436,0,0.098019488,0,0,0.04603494,0,0,0.006805388,0,0.006318195
271,DGX,2018,0,0,0,0,0,0,0,0,0.073502809,0.153326713,0.161848149,0.104296136,0.111872798,1.235572375,1.145695364,0.520613158,0.002189851,-7.830065359,0.704751024,77.91578947,0.009356383,0,0.011175306,0,0.101912297,0,0,0.0478632,0,0,0.007075662,0,0.00656912
272,DHR,2020,1,0,1,0,0,0,1,0,0.048452047,0.099332937,0.183183519,0.167941488,0.063657743,5.189781022,4.859691809,0.512225766,0.215038175,-30.37962963,0.288505525,11.00184275,0,0,0,0,0,0.044564173,0,0,0,0,0,0,0.059051
273,DHR,2019,0,1,1,1,0,1,1,1,0.055422568,0.09391817,0.181242302,0.155492991,0.084085089,1.465207064,1.128245378,0.409884493,-0.009240579,-22.55474453,0.356431297,10.45053328,0.01104122,0,0.008791788,0,0,0.05009881,0,0,0,0,0,0,0.06638483
274,DHR,2018,1,1,1,0,1,0,1,0,0.053422825,0.094513004,0.167732041,0.16058587,0.074553148,1.429376291,1.045260105,0.434756884,-0.057124973,-18.57958601,0.332674507,8.430465015,0.012069236,0,0.009610366,0,0,0.054763362,0,0,0,0,0,0,0.016947629
275,DISCA,2020,0,0,0,0,0,0,0,0,0.061330962,0.172906569,0.291995693,0.185660445,0.100755892,1.610682309,0,0.645294205,-0.041618497,-4.519444444,0.33033941,0,0.007214368,0,0.005744582,0,0,0,0.65868485,0.029524464,0,0,0.010911573,0,0
276,DISCA,2019,1,1,1,1,1,1,1,1,0.018248848,0.056479985,0.259168009,0.056287312,0.079139785,1.058543908,0,0.676897081,-0.006635945,-3.68102288,0.324208909,0,0.007339444,0,0.005844177,0,0,0,0.644763529,0.030036334,0,0,0.011100749,0,0
277,DISCA,2018,1,1,0,1,1,1,0,1,-0.014941255,-0.06709138,0.324458024,-0.049032446,0.072223454,5.339925174,0,0.777299933,0.294036799,-4.868995633,0.304721791,0,0.007303829,0,0.005815817,0,0,0,0.678391099,0.014945288,0,0,0.02209376,0,0.023401849
278,DISCK,2020,0,0,0,0,0,0,0,0,0.061330962,0.172906569,0.291995693,0.185660445,0.100755892,1.610682309,0,0.645294205,-0.041618497,-4.519444444,0.33033941,0,0,0,0,0,0,0,0,0,0,0,0,0,0
279,DISCK,2019,1,1,1,1,1,1,1,1,0.018248848,0.056479985,0.259168009,0.056287312,0.079139785,1.058543908,0,0.676897081,-0.006635945,-3.68102288,0.324208909,0,0,0,0,0,0,0,0,0,0,0,0,0,0
280,DISCK,2018,1,1,0,1,1,1,0,1,-0.014941255,-0.06709138,0.324458024,-0.049032446,0.072223454,5.339925174,0,0.777299933,0.294036799,-4.868995633,0.304721791,0,0,0,0,0,0,0,0,0,0,0,0,0,0
281,DISH,2020,1,1,1,1,1,1,1,1,0.042114734,0.115508008,0.146699122,0.109271278,0.080118149,0.893020181,0.821202685,0.635395543,-0.040893222,-79.32097775,0.385414494,39.66479817,0,0,0.001952503,0,0,0,0.546045125,0.010034953,0.012486971,0,0.081591211,0,0
282,DISH,2019,0,0,0,0,0,0,0,0,0.051495419,0.173961375,0.157666352,0.115634394,0.082317325,0.68867548,0.627803419,0.703983606,-0.037638721,-143.1174863,0.445329606,46.85158548,0,0,0.001918106,0,0,0,0.545448661,0.009858165,0.012266985,0,0.072867088,0,0
283,DISH,2018,0,0,1,0,0,0,1,0,0.070487858,0.286655395,0.139623768,0.145829638,0.09335423,0.680410165,0.613921405,0.754102454,-0.003914889,-31.80804787,0.483357564,44.83182662,0,0,0,0,0,0,0.527540565,0.009379341,0.005835581,0,0.045063097,0,0
284,DLR,2020,0,0,0,0,0,0,0,0,0.025132552,0.054439876,0.197543412,0.180200652,0.065623739,0.872145904,0,0.538342963,-0.019873695,-1.800156915,0.139469817,0,0.010418832,0,0.136887297,0,0,0.090426475,0,0,0,0.015007232,0.015758255,0.015007232,0
285,DLR,2019,1,1,0,1,1,1,0,1,0.013937403,0.030462086,0.203962257,0.107566366,0.058288458,0.654982381,0,0.542467221,0.112032952,-1.953456764,0.129570266,0,0.010080336,0,0.100333318,0,0,0.101937085,0,0,0,0,0.015246287,0,0
286,DLR,2018,1,1,0,1,1,1,0,1,0.011598533,0.022358924,0.234291975,0.099965612,0.047808284,0.626100907,0,0.4812571,0.038918407,-2.249638496,0.116025228,0,0.010887344,0,0.021673156,0,0,0.677916169,0,0,0,0,0.016466869,0,0
287,DOV,2020,0,0,0,1,0,0,0,1,0.078195951,0.223539071,0.148214148,0.094994435,0.109038411,1.457836005,0.996680951,0.650191125,-0.010761087,-8.406706513,0.823163496,8.852541925,0,0,0,0,0,0,0,0,0,0,0.021297531,0,0
288,DOV,2019,1,1,1,1,1,1,1,1,0.0681667,0.205971757,0.128947338,0.081558549,0.095464602,1.370102456,0.960346849,0.669048316,-0.043118799,-6.884028647,0.835800789,9.337814305,0,0.031211499,0,0,0,0.015801199,0,0,0,0,0,0,0
289,DOV,2018,0,1,1,0,0,1,1,0,0.076152905,0.1851772,0.126540013,0.118997004,0.07840175,1.302603015,0.986519936,0.588756581,-0.017131718,-5.954652703,0.639956489,10.07452407,0,0,0,0,0,0.026540628,0,0,0,0,0,0,0
290,DOW,2020,1,1,0,1,1,1,0,1,-0.022453903,-0.09642401,0.0875649,-0.031640707,0.097977662,1.574585635,0.992695945,0.767133699,-0.049021876,-4.031082529,0.709652369,6.911972964,0,0.083317377,0.0111033,0,0,0.021090213,0,0,0,0,0,0,0
291,DOW,2019,0,0,0,0,0,0,0,0,0.055448691,0.138038726,0.112934441,0.093561003,0.05082498,2.532321348,2.088570142,0.598310613,-0.014731359,-5.269990593,0.592647463,7.19002754,0,0.080770858,0.010763938,0,0,0.020445609,0,0,0,0,0,0,0
292,DRE,2020,0,0,1,0,0,0,1,0,0.050943393,0.084438985,0.265694778,0.435979942,0.060078888,2.779954233,0,0.396683974,0.029819269,-2.912607514,0.11684802,0,0.021439407,0,0.005690516,0,0,0.491048753,0,0,0,0,0,0,0.030105229
293,DRE,2019,1,1,1,1,1,1,1,1,0.049170659,0.081415068,0.243350536,0.400878586,0.062071439,3.505420822,0,0.396049653,0.027996839,-2.740277157,0.122657234,0,0.020405028,0,0.005415968,0,0,0.467357337,0,0,0,0,0,0,0.028652754
294,DRE,2018,0,0,0,0,0,0,0,0,0.221221933,0.357301255,0.248350086,2.067999504,0.060935579,6.673884519,0,0.380853188,-0.066303195,-2.256037148,0.106973881,0,0.019483604,0,0.005171401,0,0,0.475721508,0,0,0,0,0,0,0.02735889
295,DTE,2020,1,1,1,1,1,1,1,1,0.027656856,0.098766475,0.134264741,0.092272476,0.062671525,0.772079059,0.58218664,0.719977288,0.045045898,-2.653666147,0.299730292,16.6916996,0,0,0.023974994,0,0,0,0,0,0,0.024093917,0,0.024093917,0
296,DTE,2019,0,0,1,1,0,0,1,1,0.030864198,0.104506858,0.111455108,0.078806642,0.073853616,0.734565119,0.551825146,0.70466821,0.036237875,-2.833631485,0.391644621,17.52404439,0,0,0.026249493,0,0,0,0,0,0,0.026379699,0,0.026379699,0
297,DTE,2018,0,0,0,0,0,0,0,0,0.033583084,0.113513514,0.133814547,0.089950028,0.062694347,1.095661451,0.818634424,0.704149021,0.033612699,-3.14738806,0.373352682,16.18356868,0,0,0.0173565,0,0,0,0,0,0,0.026163891,0,0.026163891,0
298,DUK,2020,0,0,1,0,0,0,1,0,0.023596369,0.078163125,0.232013951,0.151999351,0.051681588,0.621136117,0.40204718,0.698113801,0.020366663,-2.595735027,0.15523993,7.629331683,0,0.010802149,0.051823787,0,0,0,0,0,0,0.041664679,0,0.041664679,0
299,DUK,2019,1,1,1,1,1,1,1,1,0.018336635,0.060820368,0.222342014,0.110549013,0.049425003,0.645834718,0.44079516,0.69851161,0.024513041,-2.560649475,0.165868824,7.819714656,0,0.011174872,0.053611942,0,0,0,0,0,0,0.043102298,0,0.043102298,0
300,DUK,2018,0,0,0,0,0,0,0,0,0.022180489,0.073292283,0.256069688,0.131915995,0.048029932,0.67721519,0.41684025,0.697369375,0.030678539,-2.989929507,0.168141015,7.135076923,0,0.011217951,0.053818617,0,0,0,0,0,0,0.043268457,0,0.043268457,0
